{"type":"FeatureCollection","features":[{"type":"Feature","properties":{"id":1,"name":"3 Beards Beer Co","address":"Holyoke MA 01040","street":"","street2":"","city":"Holyoke","state":"MA","zip":"01040","phone":"","type":"Contract","notes":"Brewed at Paper City Brewery","url":"www.3beardsbeer.com","source":"RateBeer","marker-symbol":"beer","marker-color":"#0c49db"},"geometry":{"type":"Point","coordinates":[-72.60744,42.20697]}},{"type":"Feature","properties":{"id":2,"name":"3cross Brewing Company","address":"Worcester MA 01602","street":"","street2":"","city":"Worcester","state":"MA","zip":"01602","phone":"","type":"Planning","notes":"","url":"","source":"Brewers Association","marker-symbol":"beer","marker-color":"#db1e0c"},"geometry":{"type":"Point","coordinates":[-71.84739,42.27347]}},{"type":"Feature","properties":{"id":3,"name":"50 Back Brewing Co","address":"5 Village Rd Pepperell MA 01463","street":"5 Village Rd","street2":"PO Box 595","city":"Pepperell","state":"MA","zip":"01463","phone":"(978) 265-1610","type":"Contract","notes":"Brewed at Olde Saratoga Brewing","url":"www.50back.com","source":"Brewers Association","marker-symbol":"beer","marker-color":"#0c49db"},"geometry":{"type":"Point","coordinates":[-71.598541,42.673012]}},{"type":"Feature","properties":{"id":4,"name":"Aeronaut Brewing Company","address":"14 Tyler St Somerville MA 02144","street":"14 Tyler St","street2":"","city":"Somerville","state":"MA","zip":"02144","phone":"","type":"Planning","notes":"","url":"","source":"Brewers Association","marker-symbol":"beer","marker-color":"#db1e0c"},"geometry":{"type":"Point","coordinates":[-71.105217,42.381619]}},{"type":"Feature","properties":{"id":5,"name":"Amherst Brewing Co","address":"10 University Dr Amherst MA 01002-2243","street":"10 University Dr","street2":"","city":"Amherst","state":"MA","zip":"01002-2243","phone":"(413) 253-4400","type":"Brewpub","notes":"","url":"www.amherstbrewing.com","source":"Brewers Association","marker-symbol":"beer","marker-color":"#dbb10c"},"geometry":{"type":"Point","coordinates":[-72.532669,42.373436]}},{"type":"Feature","properties":{"id":6,"name":"Backlash Beer Co","address":"12 Elko St Brighton MA 02135-2943","street":"12 Elko St","street2":"Ste 5","city":"Brighton","state":"MA","zip":"02135-2943","phone":"","type":"Contract","notes":"Brewed at Paper City Brewery","url":"www.backlashbeer.com","source":"Brewers Association","marker-symbol":"beer","marker-color":"#0c49db"},"geometry":{"type":"Point","coordinates":[-71.149342,42.349923]}},{"type":"Feature","properties":{"id":7,"name":"Bad Martha Brewing Company","address":"Edgartown MA 02539","street":"","street2":"","city":"Edgartown","state":"MA","zip":"02539","phone":"","type":"Contract","notes":"Brewed at Ipswich Ale Brewery","url":"www.badmarthabeer.com","source":"Brewers Association","marker-symbol":"beer","marker-color":"#0c49db"},"geometry":{"type":"Point","coordinates":[-70.52905,41.39501]}},{"type":"Feature","properties":{"id":8,"name":"Banner Beer Co","address":"Williamsburg MA 01096","street":"","street2":"","city":"Williamsburg","state":"MA","zip":"01096","phone":"(617) 642-8079","type":"Contract","notes":"Brewed at Brewmaster's Tavern","url":"www.bannerbeercompany.com","source":"RateBeer","marker-symbol":"beer","marker-color":"#0c49db"},"geometry":{"type":"Point","coordinates":[-72.763571,42.397139]}},{"type":"Feature","properties":{"id":9,"name":"Barnstable Brewing","address":"485 W Main St Needham MA 02601","street":"485 W Main St","street2":"","city":"Needham","state":"MA","zip":"02601","phone":"","type":"Planning","notes":"","url":"","source":"Brewers Association","marker-symbol":"beer","marker-color":"#db1e0c"},"geometry":{"type":"Point","coordinates":[-70.314033,41.650181]}},{"type":"Feature","properties":{"id":10,"name":"Barrington Brewery and Restaurant","address":"420 Stockbridge Rd Great Barrington MA 01230-9512","street":"420 Stockbridge Rd","street2":"Ste 7","city":"Great Barrington","state":"MA","zip":"01230-9512","phone":"(413) 528-8282","type":"Brewpub","notes":"","url":"www.barringtonbrewery.net","source":"Brewers Association","marker-symbol":"beer","marker-color":"#dbb10c"},"geometry":{"type":"Point","coordinates":[-73.343758,42.215374]}},{"type":"Feature","properties":{"id":11,"name":"Battle Road Brewing Co","address":"Ipswich MA 01938-2044","street":"","street2":"","city":"Ipswich","state":"MA","zip":"01938-2044","phone":"","type":"Contract","notes":"Brewed at Ipswich Ale Brewery","url":"www.battleroadbeer.com","source":"Brewers Association","marker-symbol":"beer","marker-color":"#0c49db"},"geometry":{"type":"Point","coordinates":[-70.83831,42.67955]}},{"type":"Feature","properties":{"id":12,"name":"Bay State Brewing Company","address":"1110 Whitemore St Leicester MA 01524","street":"1110 Whitemore St","street2":"","city":"Leicester","state":"MA","zip":"01524","phone":"","type":"Planning","notes":"Brewed at Paper City Brewery","url":"www.baystatebeer.com","source":"Brewers Association","marker-symbol":"beer","marker-color":"#db1e0c"},"geometry":{"type":"Point","coordinates":[-71.91536,42.24494]}},{"type":"Feature","properties":{"id":13,"name":"Bentley Brewing","address":"12 Crane St Southbridge MA 01550-1994","street":"12 Crane St","street2":"","city":"Southbridge","state":"MA","zip":"01550-1994","phone":"(508) 981-8672","type":"Micro","notes":"","url":"www.bentleybrewing.com","source":"BCCA","marker-symbol":"beer","marker-color":"#07ce07"},"geometry":{"type":"Point","coordinates":[-72.035278,42.080582]}},{"type":"Feature","properties":{"id":14,"name":"Berkley Beer Company","address":"17 Cotley St Berkley MA 02779","street":"17 Cotley St","street2":"","city":"Berkley","state":"MA","zip":"02779","phone":"(508) 326-9954","type":"Micro","notes":"","url":"www.berkleybeer.com","source":"Brewers Association","marker-symbol":"beer","marker-color":"#07ce07"},"geometry":{"type":"Point","coordinates":[-71.051483,41.855259]}},{"type":"Feature","properties":{"id":15,"name":"Berkshire Brewing Co Inc","address":"12 Railroad St South Deerfield MA 01373-0251","street":"12 Railroad St","street2":"","city":"South Deerfield","state":"MA","zip":"01373-0251","phone":"(413) 665-6600","type":"Regional","notes":"","url":"www.berkshirebrewingcompany.com","source":"Brewers Association","marker-symbol":"beer","marker-color":"#07ce07"},"geometry":{"type":"Point","coordinates":[-72.609467,42.47871]}},{"type":"Feature","properties":{"id":16,"name":"Big Elm Brewing","address":"65 Silver St Sheffield MA 01257","street":"65 Silver St","street2":"","city":"Sheffield","state":"MA","zip":"01257","phone":"(413) 229-2348","type":"Micro","notes":"","url":"www.bigelmbrewery.com","source":"Brewers Association","marker-symbol":"beer","marker-color":"#07ce07"},"geometry":{"type":"Point","coordinates":[-73.350433,42.092949]}},{"type":"Feature","properties":{"id":17,"name":"Blatant Beer","address":"Bondsville MA 01009-0147","street":"","street2":"PO Box 147","city":"Bondsville","state":"MA","zip":"01009-0147","phone":"(508) 746-2674","type":"Micro","notes":"Brewed at Brewmaster's Tavern","url":"www.blatantbrewery.com","source":"Brewers Association","marker-symbol":"beer","marker-color":"#07ce07"},"geometry":{"type":"Point","coordinates":[-72.345238,42.212139]}},{"type":"Feature","properties":{"id":18,"name":"Blue Hills Brewery","address":"1020 Turnpike St Canton MA 02021-2823","street":"1020 Turnpike St","street2":"Ste 3B","city":"Canton","state":"MA","zip":"02021-2823","phone":"(781) 821-2337","type":"Micro","notes":"","url":"www.bluehillsbrewery.com","source":"Brewers Association","marker-symbol":"beer","marker-color":"#07ce07"},"geometry":{"type":"Point","coordinates":[-71.104614,42.149807]}},{"type":"Feature","properties":{"id":19,"name":"Bog Iron Brewing Co","address":"33 W Main St Norton MA 02766-2711","street":"33 W Main St","street2":"Unit F","city":"Norton","state":"MA","zip":"02766-2711","phone":"(508) 952-0555","type":"Micro","notes":"","url":"www.bogironbrewing.com","source":"Brewers Association","marker-symbol":"beer","marker-color":"#07ce07"},"geometry":{"type":"Point","coordinates":[-71.190643,41.965408]}},{"type":"Feature","properties":{"id":20,"name":"Boston Beer Co","address":"1 Design Center Pl Boston MA 02210-2300","street":"1 Design Center Pl","street2":"Ste 850","city":"Boston","state":"MA","zip":"02210-2300","phone":"(617) 368-5000","type":"Regional","notes":"","url":"www.samadams.com","source":"Brewers Association","marker-symbol":"beer","marker-color":"#07ce07"},"geometry":{"type":"Point","coordinates":[-71.032944,42.34425]}},{"type":"Feature","properties":{"id":21,"name":"Boston Beer Co","address":"30 Germania St Boston MA 02130-2312","street":"30 Germania St","street2":"","city":"Boston","state":"MA","zip":"02130-2312","phone":"(617) 368-5000","type":"Micro","notes":"","url":"www.samueladams.com","source":"Brewers Association","marker-symbol":"beer","marker-color":"#07ce07"},"geometry":{"type":"Point","coordinates":[-71.102928,42.314114]}},{"type":"Feature","properties":{"id":22,"name":"Brash Beer Co","address":"Ipswich MA 01938-2044","street":"","street2":"","city":"Ipswich","state":"MA","zip":"01938-2044","phone":"","type":"Contract","notes":"Brewed at Ipswich Ale Brewery","url":"www.brashbeers.com","source":"RateBeer","marker-symbol":"beer","marker-color":"#0c49db"},"geometry":{"type":"Point","coordinates":[-70.844545,42.684739]}},{"type":"Feature","properties":{"id":23,"name":"Brazo Fuerte Artisinal Beer","address":"Watertown MA 02472","street":"","street2":"","city":"Watertown","state":"MA","zip":"02472","phone":"","type":"Planning","notes":"","url":"","source":"Brewers Association","marker-symbol":"beer","marker-color":"#db1e0c"},"geometry":{"type":"Point","coordinates":[-71.18788,42.36762]}},{"type":"Feature","properties":{"id":24,"name":"Brewery Cursus Keme LLC","address":"Nantucket MA 02554-2660","street":"","street2":"","city":"Nantucket","state":"MA","zip":"02554-2660","phone":"","type":"Planning","notes":"","url":"","source":"Brewers Association","marker-symbol":"beer","marker-color":"#db1e0c"},"geometry":{"type":"Point","coordinates":[-70.098648,41.283649]}},{"type":"Feature","properties":{"id":25,"name":"Brewery in Planning","address":"Boston MA 02109","street":"","street2":"","city":"Boston","state":"MA","zip":"02109","phone":"","type":"Planning","notes":"","url":"","source":"Brewers Association","marker-symbol":"beer","marker-color":"#db1e0c"},"geometry":{"type":"Point","coordinates":[-71.05675,42.35866]}},{"type":"Feature","properties":{"id":26,"name":"Brewery In Planning - Bedford","address":"Bedford MA 01730","street":"","street2":"","city":"Bedford","state":"MA","zip":"01730","phone":"","type":"Planning","notes":"","url":"","source":"Brewers Association","marker-symbol":"beer","marker-color":"#db1e0c"},"geometry":{"type":"Point","coordinates":[-71.28309,42.49291]}},{"type":"Feature","properties":{"id":27,"name":"Brewery In Planning - Boston","address":"Boston MA","street":"","street2":"","city":"Boston","state":"MA","zip":"","phone":"","type":"Planning","notes":"","url":"","source":"Brewers Association","marker-symbol":"beer","marker-color":"#db1e0c"},"geometry":{"type":"Point","coordinates":[-71.05675,42.35866]}},{"type":"Feature","properties":{"id":28,"name":"Brewery In Planning - Boston","address":"Boston MA 02108","street":"","street2":"","city":"Boston","state":"MA","zip":"02108","phone":"","type":"Planning","notes":"","url":"","source":"Brewers Association","marker-symbol":"beer","marker-color":"#db1e0c"},"geometry":{"type":"Point","coordinates":[-71.0656,42.35833]}},{"type":"Feature","properties":{"id":29,"name":"Brewery In Planning - Boston","address":"Boston MA 02115-6820","street":"","street2":"","city":"Boston","state":"MA","zip":"02115-6820","phone":"(508) 245-4552","type":"Planning","notes":"","url":"","source":"Brewers Association","marker-symbol":"beer","marker-color":"#db1e0c"},"geometry":{"type":"Point","coordinates":[-71.096039,42.339931]}},{"type":"Feature","properties":{"id":30,"name":"Brewery In Planning - Boylston","address":"Boylston MA","street":"","street2":"","city":"Boylston","state":"MA","zip":"","phone":"","type":"Planning","notes":"","url":"","source":"Brewers Association","marker-symbol":"beer","marker-color":"#db1e0c"},"geometry":{"type":"Point","coordinates":[-71.74024,42.3344]}},{"type":"Feature","properties":{"id":31,"name":"Brewery In Planning - Brighton","address":"Brighton MA 02135-2851","street":"","street2":"","city":"Brighton","state":"MA","zip":"02135-2851","phone":"(631) 335-5968","type":"Planning","notes":"","url":"","source":"Brewers Association","marker-symbol":"beer","marker-color":"#db1e0c"},"geometry":{"type":"Point","coordinates":[-71.153252,42.349628]}},{"type":"Feature","properties":{"id":32,"name":"Brewery In Planning - Cambridge","address":"78 Rice St Cambridge MA 02140-1819","street":"78 Rice St","street2":"","city":"Cambridge","state":"MA","zip":"02140-1819","phone":"(617) 945-0726","type":"Planning","notes":"","url":"","source":"Brewers Association","marker-symbol":"beer","marker-color":"#db1e0c"},"geometry":{"type":"Point","coordinates":[-71.12999,42.393829]}},{"type":"Feature","properties":{"id":33,"name":"Brewery In Planning - Cambridge","address":"Cambridge MA 02139","street":"","street2":"","city":"Cambridge","state":"MA","zip":"02139","phone":"","type":"Planning","notes":"","url":"","source":"Brewers Association","marker-symbol":"beer","marker-color":"#db1e0c"},"geometry":{"type":"Point","coordinates":[-71.10602,42.3668]}},{"type":"Feature","properties":{"id":34,"name":"Brewery In Planning - Castle Rock","address":"294 Simons Narrows Road Mashpee MA 02649-3636","street":"294 Simons Narrows Road","street2":"","city":"Mashpee","state":"MA","zip":"02649-3636","phone":"(508) 274-5802","type":"Planning","notes":"","url":"","source":"Brewers Association","marker-symbol":"beer","marker-color":"#db1e0c"},"geometry":{"type":"Point","coordinates":[-70.463386,41.610249]}},{"type":"Feature","properties":{"id":35,"name":"Brewery In Planning - Chatham","address":"Chatham MA 02633","street":"","street2":"","city":"Chatham","state":"MA","zip":"02633","phone":"","type":"Planning","notes":"","url":"","source":"Brewers Association","marker-symbol":"beer","marker-color":"#db1e0c"},"geometry":{"type":"Point","coordinates":[-69.96643,41.68483]}},{"type":"Feature","properties":{"id":36,"name":"Brewery In Planning - Easthampton","address":"Easthampton MA 01027","street":"","street2":"","city":"Easthampton","state":"MA","zip":"01027","phone":"","type":"Planning","notes":"","url":"","source":"Brewers Association","marker-symbol":"beer","marker-color":"#db1e0c"},"geometry":{"type":"Point","coordinates":[-72.67213,42.27095]}},{"type":"Feature","properties":{"id":37,"name":"Brewery In Planning - Easthampton","address":"Easthampton MA 01027","street":"","street2":"","city":"Easthampton","state":"MA","zip":"01027","phone":"","type":"Planning","notes":"","url":"","source":"Brewers Association","marker-symbol":"beer","marker-color":"#db1e0c"},"geometry":{"type":"Point","coordinates":[-72.67213,42.27095]}},{"type":"Feature","properties":{"id":38,"name":"Brewery In Planning - Gloucester","address":"Gloucester MA 01930","street":"","street2":"","city":"Gloucester","state":"MA","zip":"01930","phone":"","type":"Planning","notes":"","url":"","source":"Brewers Association","marker-symbol":"beer","marker-color":"#db1e0c"},"geometry":{"type":"Point","coordinates":[-70.66811,42.61435]}},{"type":"Feature","properties":{"id":39,"name":"Brewery In Planning - Hingham","address":"Hingham MA 02043","street":"","street2":"","city":"Hingham","state":"MA","zip":"02043","phone":"","type":"Planning","notes":"","url":"","source":"Brewers Association","marker-symbol":"beer","marker-color":"#db1e0c"},"geometry":{"type":"Point","coordinates":[-70.87486,42.2368]}},{"type":"Feature","properties":{"id":40,"name":"Brewery In Planning - Holden","address":"Holden MA 01520","street":"","street2":"","city":"Holden","state":"MA","zip":"01520","phone":"","type":"Planning","notes":"","url":"","source":"Brewers Association","marker-symbol":"beer","marker-color":"#db1e0c"},"geometry":{"type":"Point","coordinates":[-71.85562,42.34659]}},{"type":"Feature","properties":{"id":41,"name":"Brewery In Planning - Maynard","address":"Maynard MA 01754","street":"","street2":"","city":"Maynard","state":"MA","zip":"01754","phone":"","type":"Planning","notes":"","url":"","source":"Brewers Association","marker-symbol":"beer","marker-color":"#db1e0c"},"geometry":{"type":"Point","coordinates":[-71.46162,42.43012]}},{"type":"Feature","properties":{"id":42,"name":"Brewery In Planning - Mills","address":"Millis MA","street":"","street2":"","city":"Millis","state":"MA","zip":"","phone":"","type":"Planning","notes":"","url":"","source":"Brewers Association","marker-symbol":"beer","marker-color":"#db1e0c"},"geometry":{"type":"Point","coordinates":[-71.35899,42.16676]}},{"type":"Feature","properties":{"id":43,"name":"Brewery In Planning - Petersham","address":"Petersham MA 01366","street":"","street2":"","city":"Petersham","state":"MA","zip":"01366","phone":"","type":"Planning","notes":"","url":"","source":"Brewers Association","marker-symbol":"beer","marker-color":"#db1e0c"},"geometry":{"type":"Point","coordinates":[-72.19185,42.48563]}},{"type":"Feature","properties":{"id":44,"name":"Brewery In Planning - Stockbridge","address":"Stockbridge MA 01262-1202","street":"","street2":"PO Box 1202","city":"Stockbridge","state":"MA","zip":"01262-1202","phone":"(413) 475-2342","type":"Planning","notes":"","url":"","source":"Brewers Association","marker-symbol":"beer","marker-color":"#db1e0c"},"geometry":{"type":"Point","coordinates":[-73.310547,42.280941]}},{"type":"Feature","properties":{"id":45,"name":"Brewery In Planning - Swampscott","address":"Swampscott MA 01907","street":"","street2":"","city":"Swampscott","state":"MA","zip":"01907","phone":"","type":"Planning","notes":"","url":"","source":"Brewers Association","marker-symbol":"beer","marker-color":"#db1e0c"},"geometry":{"type":"Point","coordinates":[-70.92003,42.46973]}},{"type":"Feature","properties":{"id":46,"name":"Brewery In Planning - Waltham","address":"Waltham MA 02452","street":"","street2":"","city":"Waltham","state":"MA","zip":"02452","phone":"","type":"Planning","notes":"","url":"","source":"Brewers Association","marker-symbol":"beer","marker-color":"#db1e0c"},"geometry":{"type":"Point","coordinates":[-71.23532,42.37645]}},{"type":"Feature","properties":{"id":47,"name":"Brewery In Planning - Wellfleet","address":"Wellfleet MA 02667-1860","street":"","street2":"PO Box 1860","city":"Wellfleet","state":"MA","zip":"02667-1860","phone":"","type":"Planning","notes":"","url":"","source":"Brewers Association","marker-symbol":"beer","marker-color":"#db1e0c"},"geometry":{"type":"Point","coordinates":[-70.01519,41.92828]}},{"type":"Feature","properties":{"id":48,"name":"Brewery In Planning - Whitman","address":"Whitman MA 02382","street":"","street2":"","city":"Whitman","state":"MA","zip":"02382","phone":"","type":"Planning","notes":"","url":"","source":"Brewers Association","marker-symbol":"beer","marker-color":"#db1e0c"},"geometry":{"type":"Point","coordinates":[-70.93529,42.08085]}},{"type":"Feature","properties":{"id":49,"name":"Brewery In Planning - Whitman","address":"Whitman MA 02382","street":"","street2":"","city":"Whitman","state":"MA","zip":"02382","phone":"","type":"Planning","notes":"","url":"","source":"Brewers Association","marker-symbol":"beer","marker-color":"#db1e0c"},"geometry":{"type":"Point","coordinates":[-70.93529,42.08085]}},{"type":"Feature","properties":{"id":50,"name":"Brewery In Planning - Woburn","address":"Woburn MA 01801","street":"","street2":"","city":"Woburn","state":"MA","zip":"01801","phone":"","type":"Planning","notes":"","url":"","source":"Brewers Association","marker-symbol":"beer","marker-color":"#db1e0c"},"geometry":{"type":"Point","coordinates":[-71.15061,42.47923]}},{"type":"Feature","properties":{"id":51,"name":"Brewmaster Jack","address":"Holyoke MA 01040","street":"","street2":"","city":"Holyoke","state":"MA","zip":"01040","phone":"(413) 367-7190","type":"Contract","notes":"Brewed at Paper City Brewery","url":"www.brewmasterjack.com","source":"BeerAdvocate","marker-symbol":"beer","marker-color":"#0c49db"},"geometry":{"type":"Point","coordinates":[-72.60744,42.20697]}},{"type":"Feature","properties":{"id":52,"name":"Brewmasters Tavern","address":"4 Main St Williamsburg MA 01096-9428","street":"4 Main St","street2":"","city":"Williamsburg","state":"MA","zip":"01096-9428","phone":"(413) 268-7741","type":"Brewpub","notes":"","url":"www.thebrewmasterstavern.com","source":"Brewers Association","marker-symbol":"beer","marker-color":"#dbb10c"},"geometry":{"type":"Point","coordinates":[-72.730827,42.393848]}},{"type":"Feature","properties":{"id":53,"name":"Building 8 Brewing","address":"Northampton MA 01060","street":"","street2":"","city":"Northampton","state":"MA","zip":"01060","phone":"","type":"Planning","notes":"","url":"","source":"Brewers Association","marker-symbol":"beer","marker-color":"#db1e0c"},"geometry":{"type":"Point","coordinates":[-72.63239,42.31783]}},{"type":"Feature","properties":{"id":54,"name":"Buzzards Bay Brewing Co","address":"98 Horseneck Rd Westport MA 02790-1328","street":"98 Horseneck Rd","street2":"","city":"Westport","state":"MA","zip":"02790-1328","phone":"(508) 636-2288","type":"Micro","notes":"","url":"www.buzzardsbrew.com","source":"Brewers Association","marker-symbol":"beer","marker-color":"#07ce07"},"geometry":{"type":"Point","coordinates":[-71.049881,41.56876]}},{"type":"Feature","properties":{"id":55,"name":"Cambridge Brewing Co","address":"1 Kendall Sq Cambridge MA 02139-1592","street":"1 Kendall Sq","street2":"Ste B1102","city":"Cambridge","state":"MA","zip":"02139-1592","phone":"(617) 494-1994","type":"Brewpub","notes":"","url":"www.cambridgebrewingcompany.com","source":"Brewers Association","marker-symbol":"beer","marker-color":"#dbb10c"},"geometry":{"type":"Point","coordinates":[-71.090187,42.366569]}},{"type":"Feature","properties":{"id":56,"name":"Cape Ann Brewing Co","address":"11 Rogers St Gloucester MA 01930-5014","street":"11 Rogers St","street2":"","city":"Gloucester","state":"MA","zip":"01930-5014","phone":"(978) 281-4782","type":"Micro","notes":"","url":"www.capeannbrewing.com","source":"Brewers Association","marker-symbol":"beer","marker-color":"#07ce07"},"geometry":{"type":"Point","coordinates":[-70.666084,42.611019]}},{"type":"Feature","properties":{"id":57,"name":"Cape Cod Beer","address":"1336 Phinneys Ln Hyannis MA 02601-1875","street":"1336 Phinneys Ln","street2":"Ste 2-2","city":"Hyannis","state":"MA","zip":"02601-1875","phone":"(508) 790-4200","type":"Micro","notes":"","url":"www.capecodbeer.com","source":"Brewers Association","marker-symbol":"beer","marker-color":"#07ce07"},"geometry":{"type":"Point","coordinates":[-70.310928,41.678348]}},{"type":"Feature","properties":{"id":58,"name":"Cape Commons","address":"Allston MA 02134","street":"","street2":"","city":"Allston","state":"MA","zip":"02134","phone":"","type":"Planning","notes":"","url":"www.cape-commons.com","source":"Brewers Association","marker-symbol":"beer","marker-color":"#db1e0c"},"geometry":{"type":"Point","coordinates":[-71.13217,42.35341]}},{"type":"Feature","properties":{"id":59,"name":"Castle Island Brewing Co.","address":"Boston MA 02127-2324","street":"","street2":"","city":"Boston","state":"MA","zip":"02127-2324","phone":"(781) 267-1723","type":"Planning","notes":"","url":"www.castleislandbeer.com","source":"Brewers Association","marker-symbol":"beer","marker-color":"#db1e0c"},"geometry":{"type":"Point","coordinates":[-71.037338,42.333481]}},{"type":"Feature","properties":{"id":60,"name":"Cisco Brewers","address":"5 Barlett Farm Rd Nantucket MA 02584-2928","street":"5 Barlett Farm Rd","street2":"","city":"Nantucket","state":"MA","zip":"02584-2928","phone":"(508) 325-5929","type":"Micro","notes":"","url":"www.ciscobrewers.com","source":"Brewers Association","marker-symbol":"beer","marker-color":"#07ce07"},"geometry":{"type":"Point","coordinates":[-70.131432,41.263599]}},{"type":"Feature","properties":{"id":61,"name":"Clown Shoes Beers","address":"55 Massachusetts Ave Lexington MA 02421","street":"55 Massachusetts Ave","street2":"","city":"Lexington","state":"MA","zip":"02421","phone":"(781) 365-1137","type":"Contract","notes":"Brewed at Ipswich Ale Brewery","url":"www.clownshoesbeer.com","source":"Brewers Association","marker-symbol":"beer","marker-color":"#0c49db"},"geometry":{"type":"Point","coordinates":[-71.193527,42.425831]}},{"type":"Feature","properties":{"id":62,"name":"Cody Brewing Co","address":"36 Main St Amesbury MA 01913-2807","street":"36 Main St","street2":"","city":"Amesbury","state":"MA","zip":"01913-2807","phone":"(978) 378-4738","type":"Micro","notes":"","url":"www.codybrewing.com","source":"Brewers Association","marker-symbol":"beer","marker-color":"#07ce07"},"geometry":{"type":"Point","coordinates":[-70.93045,42.857311]}},{"type":"Feature","properties":{"id":63,"name":"Deadwood Caf� & Brewery","address":"820 Morrissey Blvd Dorchester MA 02122","street":"820 Morrissey Blvd","street2":"","city":"Dorchester","state":"MA","zip":"02122","phone":"(617) 825-3800","type":"Brewpub","notes":"","url":"www.deadwoodbrewery.com","source":"BeerAdvocate","marker-symbol":"beer","marker-color":"#dbb10c"},"geometry":{"type":"Point","coordinates":[-71.046317,42.294018]}},{"type":"Feature","properties":{"id":64,"name":"Do Can Brewery","address":"44 Stedman St Lowell MA 01851","street":"44 Stedman St","street2":"Ste 4","city":"Lowell","state":"MA","zip":"01851","phone":"(580) 572-0425","type":"Micro","notes":"","url":"www.docanbrewery.com","source":"BCCA","marker-symbol":"beer","marker-color":"#07ce07"},"geometry":{"type":"Point","coordinates":[-71.348892,42.627628]}},{"type":"Feature","properties":{"id":65,"name":"Element Brewing Co","address":"30 Bridge St Millers Falls MA 01349","street":"30 Bridge St","street2":"","city":"Millers Falls","state":"MA","zip":"01349","phone":"(413) 835-6340","type":"Micro","notes":"","url":"www.elementbeer.com","source":"Brewers Association","marker-symbol":"beer","marker-color":"#07ce07"},"geometry":{"type":"Point","coordinates":[-72.494362,42.577656]}},{"type":"Feature","properties":{"id":66,"name":"Enlightenment Ales Brewing Co","address":"3 Charlton St Everett MA 02149-2405","street":"3 Charlton St","street2":"Bldg 3 # Unit 4","city":"Everett","state":"MA","zip":"02149-2405","phone":"(617) 819-4353","type":"Micro","notes":"","url":"www.enlightenmentales.wordpress.com","source":"","marker-symbol":"beer","marker-color":"#07ce07"},"geometry":{"type":"Point","coordinates":[-71.063248,42.399826]}},{"type":"Feature","properties":{"id":67,"name":"Franklin Brewing Company, LLC","address":"Franklin MA 02038","street":"","street2":"","city":"Franklin","state":"MA","zip":"02038","phone":"","type":"Planning","notes":"","url":"www.franklin-brewing.com","source":"Brewers Association","marker-symbol":"beer","marker-color":"#db1e0c"},"geometry":{"type":"Point","coordinates":[-71.38107,42.08003]}},{"type":"Feature","properties":{"id":68,"name":"Gardner Ale House","address":"74 Parker St Gardner MA 01440-3809","street":"74 Parker St","street2":"","city":"Gardner","state":"MA","zip":"01440-3809","phone":"(978) 669-0122","type":"Brewpub","notes":"","url":"www.gardnerale.com","source":"Brewers Association","marker-symbol":"beer","marker-color":"#dbb10c"},"geometry":{"type":"Point","coordinates":[-71.997826,42.575794]}},{"type":"Feature","properties":{"id":69,"name":"Glass Bottom Brewery","address":"480 Pleasant St Lee MA 01238","street":"480 Pleasant St","street2":"","city":"Lee","state":"MA","zip":"01238","phone":"(413) 243-6170","type":"Micro","notes":"","url":"www.glassbottombrewery.org","source":"Mass.gov","marker-symbol":"beer","marker-color":"#07ce07"},"geometry":{"type":"Point","coordinates":[-73.244185,42.287336]}},{"type":"Feature","properties":{"id":70,"name":"Goodfellow's Brewing Co.","address":"8 Race Course Rd Lakeville MA 02347-1826","street":"8 Race Course Rd","street2":"","city":"Lakeville","state":"MA","zip":"02347-1826","phone":"","type":"Micro","notes":"","url":"www.goodfellowsbrewing.com","source":"Brewers Association","marker-symbol":"beer","marker-color":"#07ce07"},"geometry":{"type":"Point","coordinates":[-70.976028,41.817322]}},{"type":"Feature","properties":{"id":71,"name":"Harpoon Brewery","address":"306 Northern Ave Boston MA 02210-2367","street":"306 Northern Ave","street2":"Ste 2","city":"Boston","state":"MA","zip":"02210-2367","phone":"(617) 574-9551","type":"Regional","notes":"","url":"www.harpoonbrewery.com","source":"Brewers Association","marker-symbol":"beer","marker-color":"#07ce07"},"geometry":{"type":"Point","coordinates":[-71.034584,42.346512]}},{"type":"Feature","properties":{"id":72,"name":"High & Mighty Brewing Co","address":"Belchertown MA 01007-0486","street":"","street2":"PO Box 486","city":"Belchertown","state":"MA","zip":"01007-0486","phone":"(413) 323-7790","type":"Contract","notes":"Brewed at Paper City Brewery","url":"www.highandmightybrewing.com","source":"Brewers Association","marker-symbol":"beer","marker-color":"#0c49db"},"geometry":{"type":"Point","coordinates":[-72.400681,42.277039]}},{"type":"Feature","properties":{"id":73,"name":"High Horse Brewery and Bistro","address":"24 N Pleasant St Amherst MA 01002-1703","street":"24 N Pleasant St","street2":"","city":"Amherst","state":"MA","zip":"01002-1703","phone":"(413) 230-3034","type":"Brewpub","notes":"","url":"www.highhorsebrewing.com","source":"Brewers Association","marker-symbol":"beer","marker-color":"#dbb10c"},"geometry":{"type":"Point","coordinates":[-72.520058,42.376282]}},{"type":"Feature","properties":{"id":74,"name":"Howler Brewing Co","address":"18 Elm St Hatfield MA 01038","street":"18 Elm St","street2":"","city":"Hatfield","state":"MA","zip":"01038","phone":"","type":"Micro","notes":"","url":"www.facebook.com/howlerbrewery.benson","source":"Mass.gov","marker-symbol":"beer","marker-color":"#07ce07"},"geometry":{"type":"Point","coordinates":[-72.609573,42.36684]}},{"type":"Feature","properties":{"id":75,"name":"Idle Hands Craft Ales","address":"3 Charlton St Everett MA 02149-2405","street":"3 Charlton St","street2":"Bldg 3 # Unit 4","city":"Everett","state":"MA","zip":"02149-2405","phone":"(617) 819-4353","type":"Micro","notes":"","url":"www.idlehandscraftales.com","source":"Brewers Association","marker-symbol":"beer","marker-color":"#07ce07"},"geometry":{"type":"Point","coordinates":[-71.063248,42.399826]}},{"type":"Feature","properties":{"id":76,"name":"Independent Fermentations","address":"Plymouth MA 02360","street":"","street2":"","city":"Plymouth","state":"MA","zip":"02360","phone":"","type":"Planning","notes":"","url":"","source":"Brewers Association","marker-symbol":"beer","marker-color":"#db1e0c"},"geometry":{"type":"Point","coordinates":[-70.65648,41.92747]}},{"type":"Feature","properties":{"id":77,"name":"Ipswich Ale Brewery","address":"23 Hayward St Ipswich MA 01938-2044","street":"23 Hayward St","street2":"","city":"Ipswich","state":"MA","zip":"01938-2044","phone":"(978) 356-3329","type":"Regional","notes":"","url":"www.mercurybrewing.com","source":"Brewers Association","marker-symbol":"beer","marker-color":"#07ce07"},"geometry":{"type":"Point","coordinates":[-70.84391,42.67271]}},{"type":"Feature","properties":{"id":78,"name":"Jack's Abby Brewing","address":"81 Morton St Framingham MA 01702-7153","street":"81 Morton St","street2":"","city":"Framingham","state":"MA","zip":"01702-7153","phone":"(508) 872-0900","type":"Micro","notes":"","url":"www.jacksabbybrewing.com","source":"Brewers Association","marker-symbol":"beer","marker-color":"#07ce07"},"geometry":{"type":"Point","coordinates":[-71.401588,42.278782]}},{"type":"Feature","properties":{"id":79,"name":"John Harvards Brew House - Framingham","address":"1 Worcester Rd Framingham MA 01701-5359","street":"1 Worcester Rd","street2":"","city":"Framingham","state":"MA","zip":"01701-5359","phone":"(508) 875-2337","type":"Brewpub","notes":"","url":"www.johnharvards.com","source":"Brewers Association","marker-symbol":"beer","marker-color":"#dbb10c"},"geometry":{"type":"Point","coordinates":[-71.393806,42.299072]}},{"type":"Feature","properties":{"id":80,"name":"John Harvards Brew House - Harvard Square","address":"33 Dunster St Cambridge MA 02138-5002","street":"33 Dunster St","street2":"","city":"Cambridge","state":"MA","zip":"02138-5002","phone":"(617) 868-3585","type":"Brewpub","notes":"","url":"www.johnharvards.com","source":"Brewers Association","marker-symbol":"beer","marker-color":"#dbb10c"},"geometry":{"type":"Point","coordinates":[-71.119324,42.372429]}},{"type":"Feature","properties":{"id":81,"name":"John Harvards Brew House Inc. (Corp)","address":"55 Cambridge Pkwy  Cambridge MA 02142-1218","street":"55 Cambridge Pkwy","street2":"Ste 200","city":"Cambridge","state":"MA","zip":"02142-1218","phone":"(617) 499-2700","type":"Other","notes":"","url":"www.johnharvards.com","source":"Brewers Association","marker-symbol":"beer","marker-color":"#dbb10c"},"geometry":{"type":"Point","coordinates":[-71.07579,42.365848]}},{"type":"Feature","properties":{"id":82,"name":"Kretschmann Brewing Company","address":"294 Thompson Rd Webster MA 01570-1507","street":"294 Thompson Rd","street2":"","city":"Webster","state":"MA","zip":"01570-1507","phone":"(508) 671-7711","type":"Micro","notes":"","url":"www.kbcbrewing.com","source":"Brewers Association","marker-symbol":"beer","marker-color":"#07ce07"},"geometry":{"type":"Point","coordinates":[-71.855347,42.032982]}},{"type":"Feature","properties":{"id":83,"name":"Lamplighter Brewing Co.","address":"Cambridge MA 02139","street":"","street2":"","city":"Cambridge","state":"MA","zip":"02139","phone":"","type":"Planning","notes":"","url":"","source":"Brewers Association","marker-symbol":"beer","marker-color":"#db1e0c"},"geometry":{"type":"Point","coordinates":[-71.10602,42.3668]}},{"type":"Feature","properties":{"id":84,"name":"Lefty's Brewing Co","address":"301 Wells St Greenfield MA 01301","street":"301 Wells St","street2":"","city":"Greenfield","state":"MA","zip":"01301","phone":"(413) 475-3449","type":"Micro","notes":"","url":"www.leftysbrew.com","source":"BCCA","marker-symbol":"beer","marker-color":"#07ce07"},"geometry":{"type":"Point","coordinates":[-72.606399,42.601551]}},{"type":"Feature","properties":{"id":85,"name":"Mashjuga Brewing Co","address":"Westport MA 02790","street":"","street2":"","city":"Westport","state":"MA","zip":"02790","phone":"","type":"Contract","notes":"Brewed at Buzzard's Bay Brewing","url":"www.powermarketingusa.com/mashjuga","source":"RateBeer","marker-symbol":"beer","marker-color":"#0c49db"},"geometry":{"type":"Point","coordinates":[-71.082371,41.599176]}},{"type":"Feature","properties":{"id":86,"name":"Mayflower Brewing Co","address":"12 Resnik Rd Plymouth MA 02360-7245","street":"12 Resnik Rd","street2":"Ste 3","city":"Plymouth","state":"MA","zip":"02360-7245","phone":"(508) 746-2674","type":"Micro","notes":"","url":"www.mayflowerbrewing.com","source":"Brewers Association","marker-symbol":"beer","marker-color":"#07ce07"},"geometry":{"type":"Point","coordinates":[-70.710991,41.949581]}},{"type":"Feature","properties":{"id":87,"name":"Merrimack Ales","address":"Westford MA 01886","street":"","street2":"","city":"Westford","state":"MA","zip":"01886","phone":"","type":"Planning","notes":"","url":"","source":"Brewers Association","marker-symbol":"beer","marker-color":"#db1e0c"},"geometry":{"type":"Point","coordinates":[-71.43709,42.58266]}},{"type":"Feature","properties":{"id":88,"name":"Mystic Brewery","address":"174 Williams St Chelsea MA 02150-3804","street":"174 Williams St","street2":"","city":"Chelsea","state":"MA","zip":"02150-3804","phone":"(617) 800-9023","type":"Micro","notes":"","url":"www.mystic-brewery.com","source":"Brewers Association","marker-symbol":"beer","marker-color":"#07ce07"},"geometry":{"type":"Point","coordinates":[-71.04364,42.391422]}},{"type":"Feature","properties":{"id":89,"name":"Nantasket Brewing Company","address":"Roslindale MA 02131","street":"","street2":"","city":"Roslindale","state":"MA","zip":"02131","phone":"","type":"Planning","notes":"","url":"","source":"Brewers Association","marker-symbol":"beer","marker-color":"#db1e0c"},"geometry":{"type":"Point","coordinates":[-71.13136,42.28664]}},{"type":"Feature","properties":{"id":90,"name":"Nashoba Valley Winery and Brewery","address":"100 Wattaquadock Hill Rd Bolton MA 01740-1238","street":"100 Wattaquadock Hill Rd","street2":"","city":"Bolton","state":"MA","zip":"01740-1238","phone":"(978) 779-5521","type":"Micro","notes":"","url":"www.nashobawinery.com","source":"Brewers Association","marker-symbol":"beer","marker-color":"#07ce07"},"geometry":{"type":"Point","coordinates":[-71.616226,42.430611]}},{"type":"Feature","properties":{"id":91,"name":"Naukabout Beer Co","address":"Holyoke MA 01040","street":"","street2":"C/o Paper City Brewery","city":"Holyoke","state":"MA","zip":"01040","phone":"","type":"Contract","notes":"Brewed at Paper City Brewery","url":"www.naukabout.com","source":"Brewers Association","marker-symbol":"beer","marker-color":"#0c49db"},"geometry":{"type":"Point","coordinates":[-72.60744,42.20697]}},{"type":"Feature","properties":{"id":92,"name":"Navigation Brewing Co","address":"45 Meadowcroft St Lowell MA ","street":"45 Meadowcroft St","street2":"Unit #1","city":"Lowell","state":"MA","zip":"01852","phone":"","type":"Micro","notes":"","url":"www.navigationbrewing.com","source":"Facebook","marker-symbol":"beer","marker-color":"#07ce07"},"geometry":{"type":"Point","coordinates":[-71.303163,42.626561]}},{"type":"Feature","properties":{"id":93,"name":"Newburyport Brewing Co","address":"4 New Pasture Rd Newburyport MA 01950-4040","street":"4 New Pasture Rd","street2":"","city":"Newburyport","state":"MA","zip":"01950-4040","phone":"","type":"Micro","notes":"","url":"www.nbptbrewing.com","source":"Brewers Association","marker-symbol":"beer","marker-color":"#07ce07"},"geometry":{"type":"Point","coordinates":[-70.886574,42.804531]}},{"type":"Feature","properties":{"id":94,"name":"Night Shift Brewing, Inc","address":"3 Charlton St Everett MA 02149-2405","street":"3 Charlton St","street2":"Unit 9","city":"Everett","state":"MA","zip":"02149-2405","phone":"(617) 294-4233","type":"Micro","notes":"","url":"www.nightshiftbrewing.com","source":"Brewers Association","marker-symbol":"beer","marker-color":"#07ce07"},"geometry":{"type":"Point","coordinates":[-71.063248,42.399826]}},{"type":"Feature","properties":{"id":95,"name":"Northampton Brewery","address":"11 Brewster Ct Northampton MA 01060-3801","street":"11 Brewster Ct","street2":"","city":"Northampton","state":"MA","zip":"01060-3801","phone":"(413) 584-9903","type":"Brewpub","notes":"","url":"www.northamptonbrewery.com","source":"Brewers Association","marker-symbol":"beer","marker-color":"#dbb10c"},"geometry":{"type":"Point","coordinates":[-72.630249,42.317421]}},{"type":"Feature","properties":{"id":96,"name":"Notch Brewing","address":"Ipswich MA 01938-2044","street":"","street2":"","city":"Ipswich","state":"MA","zip":"01938-2044","phone":"(978) 853-9138","type":"Contract","notes":"Brewed at Ipswich Ale Brewery","url":"www.notchbrewing.com","source":"Brewers Association","marker-symbol":"beer","marker-color":"#0c49db"},"geometry":{"type":"Point","coordinates":[-70.84391,42.67271]}},{"type":"Feature","properties":{"id":97,"name":"Nowhere Brewing Company","address":"25 Dearborn St Salem MA 01970-2448","street":"25 Dearborn St","street2":"","city":"Salem","state":"MA","zip":"01970-2448","phone":"(978) 594-1461","type":"Planning","notes":"","url":"","source":"Brewers Association","marker-symbol":"beer","marker-color":"#db1e0c"},"geometry":{"type":"Point","coordinates":[-70.900864,42.52961]}},{"type":"Feature","properties":{"id":98,"name":"Offshore Ale Co","address":"30 Kennebec Ave Oak Bluffs MA 02557","street":"30 Kennebec Ave","street2":"","city":"Oak Bluffs","state":"MA","zip":"02557","phone":"(508) 693-2626","type":"Brewpub","notes":"","url":"www.offshoreale.com","source":"Brewers Association","marker-symbol":"beer","marker-color":"#dbb10c"},"geometry":{"type":"Point","coordinates":[-70.557251,41.456188]}},{"type":"Feature","properties":{"id":99,"name":"Opa Opa Steakhouse and Brewery","address":"169 College Hwy Southampton MA 01073-0679","street":"169 College Hwy","street2":"","city":"Southampton","state":"MA","zip":"01073-0679","phone":"(413) 527-0808","type":"Brewpub","notes":"","url":"www.opaopasteakhousebrewery.com","source":"Brewers Association","marker-symbol":"beer","marker-color":"#dbb10c"},"geometry":{"type":"Point","coordinates":[-72.724609,42.23584]}},{"type":"Feature","properties":{"id":100,"name":"Paper City Brewery Co Inc","address":"108 Cabot St Holyoke MA 01040-6061","street":"108 Cabot St","street2":"","city":"Holyoke","state":"MA","zip":"01040-6061","phone":"(413) 535-1588","type":"Micro","notes":"","url":"www.papercity.com","source":"Brewers Association","marker-symbol":"beer","marker-color":"#07ce07"},"geometry":{"type":"Point","coordinates":[-72.61042,42.201172]}},{"type":"Feature","properties":{"id":101,"name":"People's Pint / Franklin County Brewing Co","address":"76 Hope St Greenfield MA 01301-3573","street":"76 Hope St","street2":"","city":"Greenfield","state":"MA","zip":"01301-3573","phone":"(413) 773-0333","type":"Brewpub","notes":"","url":"www.thepeoplespint.com","source":"Brewers Association","marker-symbol":"beer","marker-color":"#dbb10c"},"geometry":{"type":"Point","coordinates":[-72.599533,42.5844]}},{"type":"Feature","properties":{"id":102,"name":"Percival Brewing Co","address":"Dorchester MA 02122","street":"","street2":"","city":"Dorchester","state":"MA","zip":"02122","phone":"(781) 664-4705","type":"Contract","notes":"Brewed at Paper City Brewery","url":"www.percivalbeercompany.com","source":"BeerAdvocate","marker-symbol":"beer","marker-color":"#0c49db"},"geometry":{"type":"Point","coordinates":[-71.042157,42.291412]}},{"type":"Feature","properties":{"id":103,"name":"Pioneer Brewing","address":"195 Arnold Rd Fiskdale MA 01518","street":"195 Arnold Rd","street2":"","city":"Fiskdale","state":"MA","zip":"01518","phone":"(508) 347-7500","type":"Micro","notes":"","url":"www.hylandbrew.com","source":"Brewers Association","marker-symbol":"beer","marker-color":"#07ce07"},"geometry":{"type":"Point","coordinates":[-72.107056,42.137096]}},{"type":"Feature","properties":{"id":104,"name":"Portico Brewing Co","address":"Cambridge MA 02138-2035","street":"","street2":"","city":"Cambridge","state":"MA","zip":"02138-2035","phone":"","type":"Contract","notes":"Brewed at Watch City Brewing Co","url":"www.porticobrewing.com","source":"Brewers Association","marker-symbol":"beer","marker-color":"#0c49db"},"geometry":{"type":"Point","coordinates":[-71.132751,42.380291]}},{"type":"Feature","properties":{"id":105,"name":"Pretty Things Beer & Ale Project","address":"17 Seagrave Rd Cambridge MA 02140-1640","street":"17 Seagrave Rd","street2":"","city":"Cambridge","state":"MA","zip":"02140-1640","phone":"(617) 682-6419","type":"Micro","notes":"","url":"www.prettythingsbeertoday.com","source":"Brewers Association","marker-symbol":"beer","marker-color":"#07ce07"},"geometry":{"type":"Point","coordinates":[-71.14016,42.3993]}},{"type":"Feature","properties":{"id":106,"name":"Private Stock Brewing Co","address":"14 York Rd Winchester MA 01890","street":"14 York Rd","street2":"","city":"Winchester","state":"MA","zip":"01890","phone":"","type":"Contract","notes":"Brewed at F.X. Matt Brewing Co","url":"www.privatestockbrewing.com","source":"RateBeer","marker-symbol":"beer","marker-color":"#0c49db"},"geometry":{"type":"Point","coordinates":[-71.144318,42.452751]}},{"type":"Feature","properties":{"id":107,"name":"Rapscallion Ales","address":"200 Hanscom Dr Bedford MA 01730-2603","street":"200 Hanscom Dr","street2":"","city":"Bedford","state":"MA","zip":"01730-2603","phone":"(617) 877-0164","type":"Contract","notes":"Brewed at Paper City Brewery","url":"www.drinkrapscallion.com","source":"Brewers Association","marker-symbol":"beer","marker-color":"#0c49db"},"geometry":{"type":"Point","coordinates":[-71.291252,42.462978]}},{"type":"Feature","properties":{"id":108,"name":"Riverwalk Brewing Co","address":"3 Graf Rd Newburyport MA 01950","street":"3 Graf Rd","street2":"Unit 15","city":"Newburyport","state":"MA","zip":"01950","phone":"(978) 499-2337","type":"Micro","notes":"","url":"www.riverwalkbrewing.com","source":"Mass.gov","marker-symbol":"beer","marker-color":"#07ce07"},"geometry":{"type":"Point","coordinates":[-70.882083,42.806408]}},{"type":"Feature","properties":{"id":109,"name":"Rock Bottom Brewery - Stuart Street","address":"115 Stuart St Boston MA 02116-5609","street":"115 Stuart St","street2":"","city":"Boston","state":"MA","zip":"02116-5609","phone":"(617) 742-2739","type":"Brewpub","notes":"Brewed at Rock Bottom - Pittsburgh","url":"www.rockbottom.com/boston","source":"Brewers Association","marker-symbol":"beer","marker-color":"#dbb10c"},"geometry":{"type":"Point","coordinates":[-71.065353,42.351227]}},{"type":"Feature","properties":{"id":110,"name":"Scantic River Brewery","address":"25 Mill Rd Hampden MA 01036-9624","street":"25 Mill Rd","street2":"","city":"Hampden","state":"MA","zip":"01036-9624","phone":"(413) 537-3427","type":"Micro","notes":"","url":"www.scanticriverbrewery.com","source":"Mass.gov","marker-symbol":"beer","marker-color":"#07ce07"},"geometry":{"type":"Point","coordinates":[-72.441603,42.052375]}},{"type":"Feature","properties":{"id":111,"name":"Sherwood Forest Brewers","address":"Northborough MA 01532-4005","street":"","street2":"PO Box 1005","city":"Northborough","state":"MA","zip":"01532-4005","phone":"(508) 466-8082","type":"Contract","notes":"Brewed at Ipswich Ale Brewery","url":"www.sherwoodbrewers.com","source":"Brewers Association","marker-symbol":"beer","marker-color":"#0c49db"},"geometry":{"type":"Point","coordinates":[-71.655418,42.310108]}},{"type":"Feature","properties":{"id":112,"name":"Slesar Bros Brewing Co - Boston Beer Works","address":"112 Canal St Boston MA 02114-1805","street":"112 Canal St","street2":"","city":"Boston","state":"MA","zip":"02114-1805","phone":"(617) 896-2337","type":"Brewpub","notes":"","url":"www.beerworks.net","source":"Brewers Association","marker-symbol":"beer","marker-color":"#dbb10c"},"geometry":{"type":"Point","coordinates":[-71.060226,42.364456]}},{"type":"Feature","properties":{"id":113,"name":"Slesar Bros Brewing Co - Boston Beer Works","address":"61 Brookline Ave Boston MA 02215-3406","street":"61 Brookline Ave","street2":"","city":"Boston","state":"MA","zip":"02215-3406","phone":"(617) 536-2337","type":"Brewpub","notes":"","url":"www.beerworks.net","source":"Brewers Association","marker-symbol":"beer","marker-color":"#dbb10c"},"geometry":{"type":"Point","coordinates":[-71.099129,42.34721]}},{"type":"Feature","properties":{"id":114,"name":"Slesar Bros Brewing Co - Boston Beer Works","address":"345 Cochituate Rd Framingham MA 01701","street":"345 Cochituate Rd","street2":"","city":"Framingham","state":"MA","zip":"01701","phone":"(617) 896-2300","type":"Brewpub","notes":"","url":"www.beerworks.net","source":"Brewers Association","marker-symbol":"beer","marker-color":"#dbb10c"},"geometry":{"type":"Point","coordinates":[-71.400131,42.30209]}},{"type":"Feature","properties":{"id":115,"name":"Slesar Bros Brewing Co - Corp","address":"110 Canal St Boston MA 02114-1805","street":"110 Canal St","street2":"","city":"Boston","state":"MA","zip":"02114-1805","phone":"(617) 896-2300","type":"Brewpub","notes":"","url":"www.beerworks.net","source":"Brewers Association","marker-symbol":"beer","marker-color":"#dbb10c"},"geometry":{"type":"Point","coordinates":[-71.06028,42.36438]}},{"type":"Feature","properties":{"id":116,"name":"Slesar Bros Brewing Co - Hingham Beer Works","address":"18 Shipyard Dr Hingham MA 02043-1670","street":"18 Shipyard Dr","street2":"Ste 1K","city":"Hingham","state":"MA","zip":"02043-1670","phone":"(781) 749-2337","type":"Brewpub","notes":"","url":"www.beerworks.net","source":"Brewers Association","marker-symbol":"beer","marker-color":"#dbb10c"},"geometry":{"type":"Point","coordinates":[-70.922554,42.249794]}},{"type":"Feature","properties":{"id":117,"name":"Slesar Bros Brewing Co - Lowell Beer Works","address":"203 Cabot St Lowell MA 01854","street":"203 Cabot St","street2":"","city":"Lowell","state":"MA","zip":"01854","phone":"(978) 937-2337","type":"Brewpub","notes":"","url":"www.beerworks.net","source":"Brewers Association","marker-symbol":"beer","marker-color":"#dbb10c"},"geometry":{"type":"Point","coordinates":[-71.316284,42.651016]}},{"type":"Feature","properties":{"id":118,"name":"Slesar Bros Brewing Co - Salem Beer Works","address":"278 Derby St Salem MA 01970-3635","street":"278 Derby St","street2":"","city":"Salem","state":"MA","zip":"01970-3635","phone":"(978) 745-2337","type":"Brewpub","notes":"","url":"www.beerworks.net","source":"Brewers Association","marker-symbol":"beer","marker-color":"#dbb10c"},"geometry":{"type":"Point","coordinates":[-70.891182,42.520618]}},{"type":"Feature","properties":{"id":119,"name":"Somerville Brewing Company","address":"1310 Broadway Somerville MA 02144-1836","street":"1310 Broadway","street2":"Ste 200","city":"Somerville","state":"MA","zip":"02144-1836","phone":"(800) 428-1150","type":"Contract","notes":"Brewed at Ipswich Ale Brewery","url":"www.slumbrew.com","source":"Brewers Association","marker-symbol":"beer","marker-color":"#0c49db"},"geometry":{"type":"Point","coordinates":[-71.13163,42.405701]}},{"type":"Feature","properties":{"id":120,"name":"Spencer Brewery","address":"167 N Spencer Rd Spencer MA 01562-1232","street":"167 N Spencer Rd","street2":"","city":"Spencer","state":"MA","zip":"01562-1232","phone":"(508) 885-8700","type":"Micro","notes":"","url":"www.spencerbrewery.com","source":"Brewers Association","marker-symbol":"beer","marker-color":"#07ce07"},"geometry":{"type":"Point","coordinates":[-72.00042,42.292061]}},{"type":"Feature","properties":{"id":121,"name":"Stoneman Brewery","address":"20 Stetson Brothers Rd Colrain MA 01340","street":"20 Stetson Brothers Rd","street2":"","city":"Colrain","state":"MA","zip":"01340","phone":"(413) 624-5195","type":"Micro","notes":"","url":"www.stonemanbrewery.com","source":"BCCA","marker-symbol":"beer","marker-color":"#07ce07"},"geometry":{"type":"Point","coordinates":[-72.77742,42.703091]}},{"type":"Feature","properties":{"id":122,"name":"The Tap Brewing Company","address":"100 Washington St Haverhill MA 01832-5500","street":"100 Washington St","street2":"","city":"Haverhill","state":"MA","zip":"01832-5500","phone":"(617) 835-8315","type":"Brewpub","notes":"","url":"www.tapbrewingcompany.com","source":"Brewers Association","marker-symbol":"beer","marker-color":"#dbb10c"},"geometry":{"type":"Point","coordinates":[-71.085213,42.772678]}},{"type":"Feature","properties":{"id":123,"name":"Tree House Brewing Co","address":"160 East Hill Rd Monson MA 01057","street":"160 East Hill Rd","street2":"","city":"Monson","state":"MA","zip":"01057","phone":"(413) 949-1891","type":"Micro","notes":"","url":"www.treehousebrew.com","source":"Brewers Association","marker-symbol":"beer","marker-color":"#07ce07"},"geometry":{"type":"Point","coordinates":[-72.285301,42.09137]}},{"type":"Feature","properties":{"id":124,"name":"Trillium Brewing","address":"369 Congress St Boston MA 02210-1836","street":"369 Congress St","street2":"","city":"Boston","state":"MA","zip":"02210-1836","phone":"","type":"Micro","notes":"","url":"www.trilliumbrewing.com","source":"Brewers Association","marker-symbol":"beer","marker-color":"#07ce07"},"geometry":{"type":"Point","coordinates":[-71.048042,42.349812]}},{"type":"Feature","properties":{"id":125,"name":"Wachusett Brewing Co","address":"175 State Rd E Westminster MA 01473-1208","street":"175 State Rd E","street2":"","city":"Westminster","state":"MA","zip":"01473-1208","phone":"(978) 874-9965","type":"Regional","notes":"","url":"www.wachusettbrew.com","source":"Brewers Association","marker-symbol":"beer","marker-color":"#07ce07"},"geometry":{"type":"Point","coordinates":[-71.870773,42.558472]}},{"type":"Feature","properties":{"id":126,"name":"Wandering Star Brewing Co","address":"11 Gifford St Pittsfield MA 01201","street":"11 Gifford St","street2":"","city":"Pittsfield","state":"MA","zip":"01201","phone":"(917) 573-3942","type":"Micro","notes":"","url":"www.wanderingstarbrewing.com","source":"Brewers Association","marker-symbol":"beer","marker-color":"#07ce07"},"geometry":{"type":"Point","coordinates":[-73.211456,42.456959]}},{"type":"Feature","properties":{"id":127,"name":"Watch City Brewing Co","address":"256 Moody St Waltham MA 02453-5303","street":"256 Moody St","street2":"","city":"Waltham","state":"MA","zip":"02453-5303","phone":"(781) 647-4000","type":"Brewpub","notes":"","url":"www.watchcitybrew.com","source":"Brewers Association","marker-symbol":"beer","marker-color":"#dbb10c"},"geometry":{"type":"Point","coordinates":[-71.23661,42.371807]}},{"type":"Feature","properties":{"id":128,"name":"Westfield River Brewing Co","address":"79 Mainline Dr Westfield MA 01085","street":"79 Mainline Dr","street2":"","city":"Westfield","state":"MA","zip":"01085","phone":"(413) 642-5945","type":"Micro","notes":"","url":"www.westfieldriverbrewing.com","source":"Brewers Association","marker-symbol":"beer","marker-color":"#07ce07"},"geometry":{"type":"Point","coordinates":[-72.731018,42.11002]}},{"type":"Feature","properties":{"id":129,"name":"Whip City Brewing","address":"287 N Elm St Westfield MA 01085","street":"287 N Elm St","street2":"","city":"Westfield","state":"MA","zip":"01085","phone":"(413) 564-0149","type":"Planning","notes":"","url":"","source":"Brewers Association","marker-symbol":"beer","marker-color":"#db1e0c"},"geometry":{"type":"Point","coordinates":[-72.73867,42.1371]}},{"type":"Feature","properties":{"id":130,"name":"Wormtown Brewing","address":"455 Park Ave Worcester MA 01610-1226","street":"455 Park Ave","street2":"","city":"Worcester","state":"MA","zip":"01610-1226","phone":"(774) 239-1555","type":"Micro","notes":"","url":"www.wormtownbrewery.com","source":"Brewers Association","marker-symbol":"beer","marker-color":"#07ce07"},"geometry":{"type":"Point","coordinates":[-71.82534,42.254372]}}]}
